raceName,origen,raceDescription,bonusRules,movementSpeed,lifeSpan,longevity,attributes,sizes,ability1_name,ability1_description,ability2_name,ability2_description,ability3_name,ability3_description,ability4_name,ability4_description,ability5_name,ability5_description,ability6_name,ability6_description,ability7_name,ability7_description,ability8_name,ability8_description,languages,nightVision,relations,culture,subtypes,referenceLink,__file,image,isVariant
Humanos,Plano Material,"Los humanos son extremadamente comunes en las tierras habitadas gracias a su gran adaptación al entorno, al medio y a la propia genética. No destacan en ningún aspecto pero tampoco se quedan atrás en ninguno, cada uno tiene sus fuerzas y debilidades, ventajas y desventajas.",+2 en cualquier característica (o +1 a dos características).,6,70-100,,Fuerza:+2; Destreza:+2; Constitución:+2; Inteligencia:+2; Sabiduría:+2; Carisma:+2,2; 3; 4,Versatilidad,"Eliges un arma, artefacto, Kit de herramientas o idioma en el que ser competente.",Heroicidad,"Cada Descanso Largo obtienes 1 Inspiración que desaparece al realizar un Descanso Largo si no se usa. Esta inspiración te permite repetir una tirada cualquiera aun si el resultado es 1.",,,,,,,,,,,,,,False,,,,,humano.json,razas/humano.png,0
SELLADOS,Variable (raza original),"Criatura cuya esencia ha sido confinada dentro de un objeto físico (botella, libro, espada, joya...). Su estado depende del contenedor y puede permanecer así hasta que sea destruido o se deteriore. Esta condición concede poderes únicos pero limita el movimiento.","Mantienes las bonificaciones raciales de tu raza original. Además, eliges +1 en una característica a tu elección.",0 (excepto en casos muy concretos definidos por el DM),Hasta ser destruido o que el estado físico del contenedor sea deplorable.,,A elegir:+1,1; 2; 3; 4; 5; 6,,,Utilitarismo,"Tu bonificador de característica aumenta con el nivel y puede superar 20. Nivel 1 → +1, Nivel 3 → +2, Nivel 5 → +3, Nivel 7 → +4, Nivel 9 → +5. Este bono se aplica a las tiradas relacionadas con tu contenedor o propósito.",Salir de Forma (Opcional),"Puedes manifestarte hasta a 10 metros de tu contenedor en una forma similar a tu aspecto original, con un aire fantasmagórico o mágico. Esto depende de las condiciones de tu confinamiento.",Poderes del Contenedor,"Puedes definir entre 1 y 5 efectos o habilidades propios de tu receptáculo. Además, quien te use como objeto recibe el bono de Utilitarismo en tiradas relacionadas contigo y tu propósito.",,,,,,,,,Los de tu raza original,False,,,,,sellado.json,razas/sellado.png,1
Enanos,Plano Material,"De baja estatura pero con una valentía a la altura de la situación. Los enanos son grandes guerreros, pero en lo que sobresalen es en su gran ingenio para sobresalir de las peores situaciones y crear grandes artilugios adelantados a su tiempo. Provenientes de las frías montañas, su carácter suele ser tosco y fuerte, siempre agradecidos de una buena jarra de sidra o alcohol acompañados de una buena pieza de carne.",,5,,,Fuerza:+1; Constitución:+2,2,Dureza de Montaña,Eres resistente al daño de veneno (-50%) y tienes ventaja en tiradas de salvación contra ser Envenenado o Drogado.,Valentía,"Todas las tiradas de Salvación de Carisma relacionadas a Asustarte, Aterrarte o Intimidarte tienen ventaja.",Hierro en la Sangre,"Obtienes competencia en herramientas de Herrero. Si ya posees esta competencia, la conviertes en 'Experto' (x2).",,,,,,,,,,,,False,,,,,enano.json,razas/enano.png,0
VAMPIROS,Plano Material (no-muerto),"Los vampiros son víctimas de una Maldición que los hará bestias sedientas de sangre si no suplen su insaciable voracidad por esta. Hay muchas razones por las que un sujeto puede caer víctima de esta conversión, pero todas tienen en común que fueron durante una noche muy silenciosa, solo contemplada por la luna",,+2c,Longevamente inmortales,,Destreza:+2,1; 2; 3; 4; 5; 6,Mordida,Como ataque especial puedes morder con tus dientes causando 1d8 + Mod. Destreza de daño Perforante. Si el objetivo no supera una Salvada de Constitución (CD: 8 + Mod. Destr. + Mod. Comp) también le chuparás sangre y te curarás 1/2 del daño realizado. Puedes alimentarte únicamente de sangre,Poderes sobrenaturales,"Obtienes la posibilidad de transformarte en un murciélago a voluntad. Esta forma tiene 3d4 (8) PG's y no tienes límite de tiempo en esta forma. Además, si tus puntos de Golpe se reducen a 0 te convertirás en murciélago en vez de caer al suelo. Si logras escapar con vida, obtendrás 4 niveles de cansancio. 1 vez por Descanso largo.",Debilidades vampíricas,"Eres vulnerable al Daño provocado por armas de Plata, agua u objetos bendecidos y al daño Radiante. Se te considera No Muerto a todos los efectos y no podrás entrar a una residencia Bendecida si no te dan permiso",,,,,,,,,,,,False,,,,,vampiro.json,razas/vampiro.png,1
Medianos,Plano Material,"Suertudos y con grandes habilidades soc    iales, los Medianos no suelen meterse en conflictos ni buscan la guerra. Al contrario, les encanta la paz y la tranquilidad que esta les entrega a los pueblos. Aman charlar (mucho), disfrutar de una rica cena y fumar pipa.",,5,150-250,,Destreza:+1; Carisma:+2,2,Suerte,"Si sacas un 1 en cualquier tipo de tirada, puedes volver a lanzar el dado (una vez por prueba). Puedes usar este rasgo tantas veces como tu modificador de Carisma (se recupera tras un descanso largo).",Pequeña Valentía,"Tienes ventaja en tiradas de salvación que traten de asustarte. Además, si eres sorprendido puedes lanzar 1d20 + tu modificador de Carisma. Si consigues 11 o más, no serás sorprendido.",,,,,,,,,,,,,,False,,,,,mediano.json,razas/mediano.png,0
MESTIZOS,Viariable (Depende de las razas mestizadas),"Que hay más constante en el mundo que el sexo y las ganas de experimentar? Exacto, los embarazos fortuitos. Gracias a la gran capacidad social de la gran mayoria de razas que poblan Fáerun y al constante conflicto, intereses e historias locas de romance iniciadas por un cúmulo de locas casualidades, surgen diferentes híbridos con aspectos inusuales y características suaves (o no tanto) que muestran su mezcla de linajes. Los Mestizos son la muestra viviente de que en el fondo no somos tan diferentes. Y que follarse a un gato no es ilegal. Miau.",Adquieres la primera característica de la raza y una negativa (si tiene) +1 característica a elección.,La media de ambos progenitores en,La más alta de ambos progenitores,,🔷:Adquieres la característica más alta de un progenitor;  🔷:Adquieres la característica más baja de tu otro progenitor,1; 2; 3; 4; 5; 6,Heredar Habilidades,Adquieres todas las habilidades de tus progenitores y todas sus desventajas. Si tu ascensión es Infernal y Feérica (Pues a tu padre Elfo le interesó de sobremanera una Tiefling buenorra) tendrás ambas categorías,Límites de Mestizaje,"No pueden existir mestizos con No Muertos. En caso de un Forjado, sería más un Cyborg que un mestizo, pero si estaria permitido",,,,,,,,,,,,,,False,,,,,semihumano.json,razas/semihumano.png,1
NO MUERTOS,Plano Material (no-muerto),"Los No Muertos son restos de vidas pasadas, atrapados entre el mundo de los vivos y el reino de los muertos. Mientras sus cuerpos se descomponen, sus almas persisten, negándose a desvanecerse. Algunos son simples husks sin voluntad, mientras que otros, como los Liches, eligen este estado para perseguir objetivos más allá de las limitaciones mortales. Rechazados por los dioses y temidos por los vivos, los No Muertos caminan una línea tenue entre la existencia y la aniquilación, a menudo impulsados por un propósito insondable.",Características de tu raza original.,?,? ,,Constitución:+2,1; 2; 3; 4; 5; 6,Necromancia,"No necesitas comer ni beber para sobrevivir, tu estado no-muerto te sustenta de manera sobrenatural. Lastimosamente, eres vulnerable al daño Radiante y a objetos bendecidos",Cauterización Natural,"Tu sangre, si es que aún tienes, está coagulada y podrida, lo que te hace inmune al sangrado. Además, eres inmune a venenos, daño necrótico y alucinógenos químicos.",Beneplácito de Myrkul,"Una vez por descanso largo, si tus puntos de vida caen a 0, recuperas automáticamente 1 punto de vida, manteniéndote funcional en el borde de la muerte.",,,,,,,,,,,,False,,,,,no-muerto.json,razas/no-muerto.png,1
SHURA,Plano Material (origen desconocido),"Los Shura son producto de tragedias como una violación, un asesinato o una venganza. Nacen de madres que murieron embarazadas y cercanas a dar a luz. Estos mal llamados 'espíritus de la venganza' suelen ser personas que buscan apagar una insaciable sed de violencia que eventualmente los consume. Algunos Shura se aíslan para evitar dañar a otros, mientras que otros sucumben a su naturaleza, encontrando placer en arrebatar vidas para intentar llenar un vacío infinito. Los Shura no tienen alma, pero poseen un fuego interno que se alimenta de sus emociones.",,= Raza Base,La misma que la Raza base,,Fuerza o Destreza:Elegir +2; Constitución:+2,1; 2; 3; 4; 5; 6,Manejo de la Ira,"Tras gastar tu acción adicional, tus dos siguientes ataques hacen daño extra (1d6 de Fuerza) y tienen alcance aumentado (3 a lo ancho y 2 a lo largo) En los próximos 3T. Dura 3 turnos. A los niveles 5, 11 y 17, el daño aumenta en 1d6. Requiere un descanso corto para usarlo nuevamente.",Consumido por el Odio,"Cuando estás por debajo del 30% de vida, recibes los siguientes aumentos: +3 en Fuerza, +4 en Destreza y todos tus ataques activan 'Manejo de la Ira' automáticamente.",Sanación Espiritual,"Al asesinar a alguien, te curas 5 puntos de golpe (10 puntos si estás por debajo del 30% de vida). Cada asesinato suma 2 puntos permanentemente a la sanación de esta habilidad. Debes ser quien dé el golpe final, y la víctima debe ser una forma de vida grande o una criatura inteligente.",Llamas ardientes,"Al finalizar un Descanso Largo en el que no hayas tomado una vida en un rango de 2d8 días (Tirada ocultada por el DM) entrarás en un estado de ira frenética que durará 12h. Hasta que no finalicen esas 12h tu sed de sangre será insaciable, y requerirás de cada gramo de razón para no dejarte llevar. Si no se arrebatan vidas tras 1d4 de estas Crisis, el número de dados aumenta en 1d8. Si se arrebatan vidas en una cantidad considerable o en estado de Crisis, el número de dados desciende en 1d8. Nada impide al Shura entrar voluntariamente en este estado de descontrol, todo depende del ""Rechazo"" que tenga a su propia esencia.",,,,,,,,,,False,,,,,shura.json,razas/shura.png,1
Gnomos,Plano Material,"Seres que habitan usualmente en los bosques, utilizando grandes árboles como sus hogares. Su pequeño tamaño no los hace inofensivos, pues su gran afinidad a la magia los convierte en temibles hechiceros que no están dispuestos a que les pasen por encima. Como curiosidad, los Gnomos tienen tres nombres: motes dados por su familia, sus amistades y sus compañeros de trabajo o aventuras. Por ejemplo, un Gnomo podría llamarte 'Alfredo Cerebrito Tragalibros Zampabollos', aunque suelen usar su favorito.",Gnomos de los Bosques: +1 en Sabiduría. - - - Gnomos de las Rocas: +1 en Constitución.,5,200-500,,Constitución:+1|0; Inteligencia:+2; Sabiduría:+1|0,2,GNOMOS DE LOS BOSQUES: Hablar con Animales, Puedes comunicarte con pequeños animales de forma mágica.,GNOMOS DE LAS ROCAS: Pasar a Través de Roca, Puedes meterte en la roca y traspasarla lentamente (máximo 5m).,Mente Rápida,"Tienes ventaja en todas las tiradas de salvación de Carisma, Sabiduría o Inteligencia que traten de afectar tu mente mágicamente de manera directa (Leer mentes, Encantamientos, Zona de la Verdad…).",,,,,,,,,,,,False,,,,,gnomo.json,razas/gnomo.png,0
Elfos,Plano Material,"Los elfos, aunque sofisticados y complejos en sus costumbres, son comunes de encontrar en cualquier ciudad con buena salubridad de las tierras habitadas. Son finos, precisos y no buscan entretenerse en burdas banalidades. Ligeros y ágiles, son unos grandes combatientes que destacan en su intelecto y sus grandes dotes con el arco, además de su peculiar y curiosa habilidad de ser más ligeros que una pluma de cisne.",,6,♾️,,Destreza:+2; Inteligencia:+1,2; 3; 4,Peso Pluma,No activas trampas de presión ni te hundes en terrenos difíciles como la nieve o el barro.,Raíces Mágicas,Tienes ventaja en tiradas de salvación contra Encantamientos y no puedes ser dormido contra tu voluntad.,Trance,"Para realizar un descanso largo solo necesitas descansar 4 horas ininterrumpidas. Tampoco necesitas dormir, sino que entras en un estado de meditación.",,,,,,,,,,,,False,,,,,elfo.json,razas/elfo.png,0
Tieflings,Nueve Infiernos,"Los conocidos como 'Sin tierra' no proceden de este plano terrenal. Su verdadero origen está en el infierno, lugar del que sus gentes escaparon hace mucho y poblaron las tierras habitadas en búsqueda de un nuevo lugar al que llamar hogar, pero pocos han conseguido realmente ese objetivo. Debido a ello, muchos no destacan por su poder adquisitivo y se ven tentados por la delincuencia, razón por la que son mal vistos en algunos lugares.",,6,100-120,,Destreza:+2; Carisma:+1,2; 3; 4,Taumaturgia,Obtienes el truco 'Taumaturgia' a nivel 1.,Represión Infernal,"A nivel 3 puedes usar 'Represión Infernal' como conjuro de nivel 2, una vez por descanso largo.",Oscuridad,A nivel 5 puedes usar 'Oscuridad' una vez por descanso largo.,Resistencia Ígnea,El daño de fuego se reduce en un 50%.,,,,,,,,,,False,,,,,tiefling.json,razas/tiefling.png,0
Kobolds,Plano Material,"Los Kobolds son frecuentemente confundidos con dracónidos jóvenes, pero no pueden ser más diferentes los unos de los otros. Estos son más bajos en general, y sus escamas cumplen más una función decorativa y reproductiva que defensiva. Su agilidad y gran habilidad en el habla los hacen contrapartes muy interesantes de sus feroces versiones dracónicas: Un Kobold puede que no sea el mejor luchador, pero sus grandes dotes de actuación y sus movimientos veloces pueden marcar la diferencia en una aventura. Los kóbolds alcanzan la edad adulta a los 6 años y pueden vivir hasta 120 años, pero rara vez lo hacen.",,7,,60-120,Destreza:+2; Constitución:+1,2; 3,Aliento alcohólico,"No sufre los afectos negativos del alcohol pero si se emborrachan. Al beber alcohol, eres capaz de escupir fuego como acción. Este ataque toma diferentes formas dependiendo de la cantidad y calidad del alcohol. 

 -Baja Calidad: Descarga de Fuego (Escala con los Niveles del truco)
-Media Calidad: Bola de Fuego (Aumenta 1d6 a nivel 5,11 y 17)
-Alta Calidad: Tormenta de Fuego 

 Puedes usar este  rasgo una vez por Descanso Corto",Regeneración extrema,"Tus heridas, sean del tipo que sean, se regenerarán al cabo de 1 semana. Heridas mayores se regenerarán cuando el cuerpo pueda operar normalmente. Heridas mortales no se podrán curar (Decapitaciones, Destrucción de órganos vitales que no se traten rapidamente, etc)",Llanto dracónico,"Como acción extra, sueltas un grito a tus enemigos que se encuentran a 2c de ti. Hasta el comienzo de tu próximo turno, tú y tus aliados tenéis ventaja en las tiradas de ataque contra cualquiera de esos enemigos que puedan oírte. Puedes usar este rasgo una cantidad de veces igual a tu bonificación de competencia y recuperarás todos los usos gastados cuando termines un descanso largo.",,,,,,,,,,,,True,,,,,kobold.json,razas/kobold.png,0
Dracónidos,Abeir (Plano Material),"Descendientes de los dragones que alguna vez habitaron las tierras que ahora pisáis, llevan en su sangre herencia de lo que alguna vez fueron. Estos son seres con un comportamiento muy extremista: son grandes defensores de la paz o los mayores señores de la guerra jamás vistos. La neutralidad no está en su sangre, buscarán decantarse por un lado u otro siguiendo sus instintos y lo que su sangre les impulse a hacer. Las gruesas escamas que recubren su piel son duras y resistentes, algunas tanto que son codiciadas para hacer cotas de malla.",,6,90-150,,Fuerza:+2; Constitución:+1,3; 4,Armadura de Dragón,Tu CA base es de 13 + Destreza si no llevas armadura.,Herencia del Padre,"Obtienes una de estas habilidades para usar como acción (Descanso Corto). Estas habilidades aumentan en 1 su dado de daño a los niveles 5, 11 y 17:
- Fuego (Manos Ardientes): 3d6.
- Hielo (Ataque en Cono): 3d6.
- Veneno (Nube Tóxica): 2d6 x 2T.
- Eléctrico (Ola Atronadora): 2d8.
- Ácido (Salpicadura Ácida): 1d8 x 2 Objetivos.",Mordisco Sanador,Puedes atacar a una criatura cercana con un mordisco como acción de ataque. Produces 1d6 de daño + Fuerza y te curas el 100% del daño producido SIEMPRE Y CUANDO se dañe los PG's del enemigo y no PG's Temporales,,,,,,,,,,,,False,,,,,draconido.json,razas/draconido.png,0
Goblins Despiertos,Plano Material,"En la naturaleza, los goblins carecen de una inteligencia realmente desarrollada, no comprenden algo más allá de su tribu y sus costumbres, su idioma y su forma de vida. Sin embargo, en muy escasas ocasiones, algunos goblins nacen con la suficiente inteligencia como para aprender muchas cosas y vivir en una sociedad más compleja. Solo 5 de cada 100 goblins resultan ser 'Sociables'. Además, debido a su curiosa genética, las goblins hembras son muy escasas: solo 2 de cada 100 goblins son hembras, lo que naturalmente convierte a una goblin inteligente en algo tan escaso como curioso.",,7,30-50,,Destreza:+2; Sabiduría:+1,2,Visión en la Oscuridad,Puedes ver en la oscuridad hasta 60 pies como si fuera luz tenue.,Escape de Granuja,Puedes usar 'Destrabarse' o 'Esconderse' como acción adicional.,Golpe en la Espinilla,Añades tu modificador de Competencia a todo el daño que inflijas a una criatura de un tamaño mayor al tuyo.,Atracción por Necesidad,Tienes ventaja en cualquier interacción no agresiva con otros Goblins siempre y cuando seas hembra.,,,,,,,,,,False,,,,,goblin.json,razas/goblin.png,0
Semiorcos,Plano Material,"Temibles en combate, los semiorcos combinan la astucia de los humanos con la brutalidad de los orcos. Su presencia se hace denotar allá donde vayan, su caminar amenazante por naturaleza puede achantar hasta a los más valientes, y siempre que pelees contra uno sabrás que el combate será complicado. Debido a esto, no son muy bien vistos.",,6,60-80,,Fuerza:+2; Destreza:+1,3; 4,Ira Interior,Obtienes una carga de Furia (ver Bárbaro). Se recupera con 1 Descanso Corto.,Grito de Guerra,Como acción adicional puedes envalentonarte a ti mismo o a un aliado para que ataque con más fiereza. Añade tu Modificador de Fuerza al próximo ataque como daño.,Estandarte Viviente,"Si un enemigo ataca a un aliado estando a 1 casilla de ti, puedes emplear tu Reacción para atacar con tu arma.",,,,,,,,,,,,False,,,,,semiorco.json,razas/semiorco.png,0
Githyanki,Plano Astral,"Los Githyanki son famosos guerreros y brillantes soldados que, hace miles de años, escaparon del control de los Ilícidos. Como resultado de los experimentos realizados en ellos, son inmunes al control mental y a magias telepáticas. No hay militares más disciplinados que los Githyanki.",,6,100-200,,Fuerza:+2; Inteligencia:+1,3,Biblioteca del Conocimiento,"Una vez por descanso largo, puedes elegir una habilidad en la que volverte experto (doble competencia) durante 24 horas.",Mano Psiónica,"Obtienes el truco 'Mano de Mago', pero esta es invisible.",Conocimiento bélico,"Con solo unos dias de práctica, aprendes a usar cualquier arma.",,,,,,,,,,,,False,,,,,githyanki.json,razas/githyanki.png,0
Forjados,Eberron (Plano Material),"Los Forjados son creaciones hechas por la mano mortal, potenciados por magia que sus creadores difícilmente pueden comprender. Estos tienen la ventaja de poder ser creados para un propósito, pudiéndose adaptar a sus expectativas. Pero, ¿acaso ese es un buen precio a pagar por la pérdida del disfrute de las cosas más sencillas?","+2 en una característica elegida según el propósito de creación, +1 en Constitución.",Variable según propósito.,"Indefinida, pero requieren mantenimiento regular.",,Constitución:+1; Selección de Propósito:+2,2; 3; 4,Armadura Corporal,"Tu piel cuenta como una armadura ligera con la que eres competente (CA 12 + Modificador de Destreza). Puedes convertir cualquier armadura en tu Armadura Corporal, siempre y cuando seas competente con ella y alguien pueda implantarla. En ese caso, ya no añadirás tu Modificador de Destreza a tu CA.",Finalidad Última,Obtienes habilidades específicas según el propósito para el que fuiste creado.,Propósito: Destreza (Movilidad),"Tu velocidad base pasa a ser 7c, consigues Competencia en Acrobacias y si ya lo eres te vuelves Experto (Mod. de Comp. x2). Además, obtienes la habilidad ""Acrobacia Precisa"" que te permitirá esquivar automaticamente cualquier prueba de Destreza que no requiera de un crítico. Puedes usar este rasgo tantas veces como tu Mod. de Comp.",Propósito: Fuerza (Combate y Carga),"Tu velocidad base pasa a ser 6c y el número que requieres para realizar un crítico con Ataques de Armas se reduce en 1. Una vez por descanso Largo, puedes cambiar el resultado de una tirada de ataque por un 20 natural (Crítico)",Propósito: Constitución (Resistencia),"Tu velocidad base pasa a ser 6c,. Inamovible: no puedes ser empujado ni derribado mediante la fuerza por criaturas de tu mismo tamaño o inferior y se te considera ""Grande"" sin ninguna desventaja por ello. Además, obtienes resistencia al daño Perforante (-50%) y tu CA (Clase de Armadura) puede calcularse con Constitución y no Destreza",Propósito: Inteligencia (Cálculo y Conocimiento),"Tu velocidad base pasa a ser 5c. Como Ritual, puedes usar el Hechizo de ""Identificar"" sin gastar ningún espacio de conjuro. Obtienes PG Temporales equivalentes a tu Mod de Int. cada vez que entras en Concentración por un Conjuro/Truco.",Propósito: Sabiduría (Percepción y Juicio),"Tu velocidad base pasa a ser 6c. Te vuelves experto en cualquier habilidad relacionada a la Sabiduría y tienes ventaja en sus pruebas. Además, obtienes una reserva arcana curativa en tu Núcleo central representada en 5 ""Descargas de Vitalidad"" que se recuperan en un descanso Largo. Cada carga restaura 1'5 PG x Nivel al objetivo y pueden usarse varias a la vez como parte de la misma acción ",Propósito: Carisma (Diplomacia y Persuasión),"Tu velocidad base pasa a ser 6c. Toda tirada de Persuasión, Interpretación o Intimidación que requiera un número inferior a (10 + Mod. Comp. + Mod. Carisma) se supera automaticamente. Además, una vez por descanso Corto obtienes un uso de ""Mirada intimidante"". Si el objetivo a no más de 7c que elijas no supera una Salvada de Carisma (8 + Mod. Comp. + Mod. Carism.) se verá Asustado por ti y recibirá 2d8 de Daño psíquico",,False,,,,,forjado.json,razas/forjado.png,0
Vedalken,Ravnica (Plano Material),"Grandes pensadores y filósofos prácticos han salido de la raza de los Vedalken. Enfocados en encontrar la lógica allá donde miren y en descubrir todos los secretos que las ciencias puedan otorgar, son ávidos de conocimiento y tienen renombre como grandes profesores y estudiosos reconocidos.",Puedes invertir estos valores (+1 INT y +2 WIS),6,100-150,,Inteligencia:+2; Sabiduría:+1,2; 3; 4,Concentración Arcana,Puedes estar concentrado hasta en 2 conjuros que requieran concentración al mismo tiempo. Debes realizar una tirada de salvación de Constitución por cada uno de los conjuros activos.,Versado en los Estudios,Tu puntuación máxima para Inteligencia y Sabiduría aumenta de 20 a 24.,,,,,,,,,,,,,,False,,,,,vedalken.json,razas/vedalken.png,0
Slimes Despiertos,Plano Material,"Algunos Slimes consiguen desarrollar inteligencia tras la ingesta prolongada de materias orgánicas relacionadas con el sistema nervioso. Por desgracia, a cambio de una conciencia más avanzada, han tenido que abandonar sus poderosos ataques de ácido y disolución de materias. Aun así, son capaces de digerir materia orgánica a una velocidad considerable.",,6,"Indefinida, mientras consuma materia orgánica regularmente.",,Constitución:+1; Sabiduría:+2,2; 3; 4,Cuerpo de Slime,"Puedes escurrirte entre cavidades muy pequeñas, pero tardarás en recomponerte. Además, puedes alimentarte de cualquier tipo de materia orgánica.",Divisón,"Como Acción, puedes dividirte en dos individuos iguales a ti pero reduciendo a la mitad la vida máxima, tamaño y peso. Si uno de los dos Cae a 0 PG's, el que siga en pié podrá reabsorber a su otra mitad pero no recuperará los PG's, solo los PG's máximos. Si la copia es destruída totalmente haciéndola irrecuperable, el Slime tardará 2d6 días en recuperarse completamente",Pegajoso,"Haciendo ventosa, puedes trepar por muros verticales.",,,,,,,,,,,,False,,,,,slime.json,razas/slime.png,0
Pixies,Feywild,"Las pixies, aunque adorables, son extremadamente peligrosas. Ligadas a la naturaleza misma y a los dioses de esta, su afinidad con la magia es tan natural como respirar o ingerir alimentos para un humano. Las Pixies suelen tener carácteres explosivos, experimentan las emociones de manera muy ferviente y personal. No hay nada más intenso que el odio y el amor de una Pixie.",,6,,,Sabiduría:+2; Carisma:+2,1,Volar,Tu movimiento base se representa volando.,Naturalmente competente,Duplicas tu Bonus por Competencia a tus tiradas de ataque o tus Salvadas de hechizos.,Reservas arcanas,Podrás recuperar una cantidad de Niveles de Espacios de Conjuro equivalentes a la mitad de tu Nivel. Ej: Nivel 6 → 3 Niveles de Espacios de Conjuro.,,,,,,,,,,,,False,,,,,pixie.json,razas/pixie.png,0
Súcubo / Íncubo,Planos Inferiores,"Los súcubos/íncubos son la raza más común en prostíbulos. Son seres diseñados para el placer y la procreación, con cuerpos adaptados para maximizar el éxtasis. Solo pueden quedar embarazados o embarazar una vez se han enamorado y marcado a una pareja con total confianza, en un acto puro de amor y entrega. Este vínculo otorga poder sobre su pareja y refuerza la conexión entre ambos.",,7,Indefinida,,Destreza:+1; Carisma:+2,2; 3; 4,Aroma de Lujuria,"De tu cola surge un suave y dulce perfume que encanta a la víctima, atacando su lujuria para conseguir lo que quieras. El objetivo queda hechizado por una hora hasta recibir daño. Debe superar una tirada de salvación de Sabiduría (DC = 8 + Modificador de Competencia + Modificador de Carisma). Puedes usar este rasgo tantas veces como tu Modificador de Carisma.",Revolcón,"Besa a la víctima para intoxicarla con tu lujuria, prácticamente obligándola a acostarse contigo. Durante este tiempo, ambos personajes quedan fuera de combate hasta que alguien la golpee. Te curas 1d6 puntos de golpe por ronda. Si consigues un crítico, dejas al objetivo desmayado y te curas 3 puntos de golpe por nivel. Si el enemigo está afectado por 'Aroma de Lujuria', tiene desventaja en la salvación de Sabiduría y te curas 1d10 por ronda. Requiere un descanso largo para usarlo nuevamente.",,,,,,,,,,,,,,False,,,,,sucubo-incubo.json,razas/sucubo-incubo.png,0
Druegar,Infraoscuridad (Plano Material),"Los Druegar son enanos oscuros que habitan en las profundidades del Underdark. Son conocidos por su fuerza física y su astucia, así como por sus habilidades mágicas y su capacidad para modificar su tamaño y volverse invisibles temporalmente.",,6,400-500,,Fuerza:+2; Inteligencia:+1,3,Modificación Corporal,"Una vez por descanso corto, puedes reducir o aumentar tu tamaño. Al reducir tu tamaño, obtienes ventaja en tiradas de Destreza. Al aumentar tu tamaño, obtienes ventaja en tiradas de Fuerza.",Invisibilidad,"Una vez por descanso corto, puedes volverte invisible durante 10 minutos. La invisibilidad se cancela por las mismas razones que una invisibilidad normal.",Visión en la Oscuridad,Puedes ver en la oscuridad hasta 60 pies como si fuera luz tenue.,,,,,,,,,,,,False,,,,,druegar.json,razas/druegar.png,0
Firbolgs,Plano Material,"Los Firbolgs son humanoides vinculados profundamente con la naturaleza. Criados entre animales y plantas, poseen una afinidad natural para comunicarse con el entorno y un vasto conocimiento del mundo natural que los rodea.",,6,110-250,,Constitución:+1; Sabiduría:+2,2; 3; 4,Nacido entre Animales,"Eres capaz de hablarle a los animales y que estos te entiendan, aunque tú no los entiendes a ellos.",Nacido entre Plantas,Eres capaz de hablar con las plantas y que estas te puedan responder.,Conocimiento Arbóreo,Tienes ventaja en tiradas de Naturaleza (Sabiduría) y Trato con Animales (Sabiduría) para identificar o conocer datos sobre plantas y bestias.,,,,,,,,,,,,False,,,,,firbolg.json,razas/firbolg.png,0
Sonares,Plano Material (origen desconocido),Los Sónares son seres mágicos cuya existencia depende de ser escuchados. Su naturaleza melódica y su vínculo con la música les otorga habilidades únicas para reperesentarse a si mismos y sus emociones.,,6,Inmortales mientras alguien pueda oírles.,,Destreza:+1; Carisma:+2,2; 3; 4,Inspiración,"Al realizar un descanso corto o largo, puedes tocar una melodía relajante. Todo aquel que la escuche gana un dado de Inspiración que aumenta con tu nivel: Nivel 1-5: 1d6, Nivel 6-11: 1d8, Nivel 12-16: 1d10, Nivel 17-20: 1d12. Este dado puede añadirse a cualquier tirada de salvación, característica o ataque. Solo se puede tener una inspiración de este tipo activa al mismo tiempo, pero no interfiere con las inspiraciones bárdicas.",Serenata,"Puedes realizar un canto dirigido a un objetivo para efectuar una de las siguientes acciones:
- Dormir (Salvación de Sabiduría).
- Encantar Animal (Salvación de Sabiduría).
- Estabilizar (Un aliado supera las salvaciones de muerte pero queda inmóvil hasta recibir ayuda).
Puedes usar este rasgo tantas veces como tu modificador de Competencia. Se recupera tras descansos cortos.",,,,,,,,,,,,,,False,,,,,sonar.json,razas/sonar.png,0
Genasi,Planos Elementales,"Los Genasi son seres elementales, nacidos de la unión entre humanoides y poderes elementales. Cada tipo de Genasi refleja las características y habilidades del elemento al que están vinculados: Fuego, Tierra, Aire o Agua.","+1 en Carisma y +2 en un atributo según el tipo de Genasi:
- Fuego: +2 en Inteligencia
- Tierra: +2 en Fuerza
- Aire: +2 en Destreza
- Agua: +2 en Sabiduría.",6,100-150,,Fuerza:2¿; Destreza:2¿; Inteligencia:2¿; Sabiduría:2¿; Carisma:+1,3,El Arcanum Dentro de Mí,Obtienes competencia en la habilidad Arcano.,Deseo Concedido,"Como Conjuro de nivel 9, puedes emplear Deseo 1 sola vez en toda tu vida. Debes ser mínimo un aventuraro nivel 8 en total para llevar a cabo esta acción",Fuego (Tipo de Genasi),Resistencia al daño de Fuego. Conoces el truco 'Crear Llama' (escala con tu Aptitud Mágica). Puedes lanzar 'Manos Ardientes' como acción 1 vez por descanso corto (añades 1d6 por cada 4 niveles).,Tierra (Tipo de Genasi),El terreno difícil de tierra o roca no te ralentiza. Puedes usar 'Pasar sin Rastro' como acción una vez por descanso corto.,Aire (Tipo de Genasi),Puedes aguantar la respiración de forma indefinida si estás consciente. Puedes lanzar 'Levitar' como acción una vez por descanso corto.,Agua (Tipo de Genasi),"Puedes respirar bajo el agua. Eres resistente al daño de ácido. El agua no dificulta tu movimiento. Puedes moldear, redirigir o congelar el agua visible (no grandes cantidades) como acción ilimitada. A nivel 3 puedes lanzar 'Crear/Destruir Agua' como acción una vez por descanso corto.",,,,,,False,,,,,genasi.json,razas/genasi.png,0
Hobgoblin,Plano Material,"Los Hobgoblins son grandes goblinoides con piel de color naranja oscuro o rojo-anaranjado. Virtuosos en la fuerza física y el dominio marcial, los Hobgoblins miden el valor de una persona por su habilidad y astucia en el combate. Aunque su cultura está profundamente ligada a la guerra y la estrategia, estos guerreros disciplinados poseen un fuerte sentido de la lealtad hacia sus clanes. Su imponente presencia y su inclinación por la batalla los convierten en adversarios temibles y aliados excepcionales para aquellos que ganan su respeto.",,6,,,Fuerza:+2; Constitución:+1,2; 3; 4,Violencia en la Sangre,"Al atacar con un arma cuerpo a cuerpo una vez por turno, puedes volver a lanzar un dado de daño para intentar conseguir un resultado mayor. Por ejemplo, si tiras 2d6 y sacas 2 y 5, puedes volver a tirar el dado que sacó el 2.",Virulencia,"+5 en pruebas de Atletismo en las que intentes empujar, apresar o retener a una criatura.",Presteza,Lanzas 2d20 para la iniciativa y escoges el resultado más alto.,,,,,,,,,,,,False,,,,,hobgoblin.json,razas/hobgoblin.png,0
Kitsunes,Golarion (Plano Material),"Los Kitsunes son seres extraordinariamente raros en las tierras conocidas, considerados descendientes de antiguos humanos y FoxFolks. Son reconocidos por sus colas, que aumentan en número a medida que crecen y son un símbolo de belleza y estatus entre su especie. Su capacidad innata para controlar el fuego asombra incluso a los magos más experimentados, y su atractivo físico, junto con sus rasgos bestiales sutiles, los convierte en objetivos de admiración y, en ocasiones, persecución. Según las leyendas, se cree que los Kitsunes son descendientes directos del Rey del Feywild, reforzando su vínculo con la magia y el misterio.",,6,,,Inteligencia:+2; Carisma:+1,2; 3; 4,Espíritu del Zorro,Obtendrás colas a medida que ganes experiencia y obtendrás poderes adicionales según tu nivel,Piel de Zorro,"A nivel 1 puedes transformarte en Zorro como Acción. Obtienes 8c de Movimiento, Ventaja en Percepción de Olfato y Oído, los enemigos sufren desventaja en ataques contra ti, puedes hablar durante tu transformación y dura una cantidad de Horas = a tu Mod. Carisma",Encanto Zorruno,A nivel 3 puedes lanzar el conjuro Encantar Persona a un enemigo sin gastar ningún espacio de Conjuro 1 vez por Descanso largo. Empleas tu Carisma para las Salvada,Garras Íngeas,A nivel 5 puedes atacar con tus garras prendiéndolas en fuego mágico. Los enemigos a los que golpees con este ataque reciben 50% menos de sanación hasta el inicio de tu próximo turno. Haces 1d6 perforante y 2d6 de Fuego. 1 vez por turno.,Paso feérico,A nivel 7 puedes lanzar el conjuro Paso Brumoso 1 vez por Descanso Largo. Harás un leve ruído al teletransportarte,Ilusión Seductora,A nivel 9 puedes lanzar el conjuro Sugestión como acción 1 vez por Descanso Largo.,Visión mágica,A nivel 11 puedes ver a enemigos invisibles y detectar conjuros como Disfrazarse o Polimorfar a 3m de ti,Forma Verdadera,A nivel 13 puedes transformarte el tiempo que quieras en tu forma de Zorro empleando tan solo tu acción adicional. En esta forma obtienes de forma pasiva el efecto de Aura mágica de Mystul,,False,,,,,kitsune.json,razas/kitsune.png,0
Dol-Haras,Plano Material (origen desconocido),"Los Dol-Haras, conocidos como 'Varias Vidas' en su lengua natal, son una raza única marcada por su apariencia imponente y sus cuatro brazos. Su cultura gira en torno a la simbología de sus extremidades: los brazos superiores representan a los padres, mientras que los inferiores simbolizan a los hijos. Cada brazo es considerado un miembro independiente y se decora con anillos u ornamentos que cuentan historias de su linaje y sus conexiones. En la muerte, los Dol-Haras más cercanos al difunto se colocan un anillo en una mano para honrar su memoria. Esta tradición, junto con su impresionante destreza física, hace de los Dol-Haras una raza tan fascinante como temida.",,6,,,Fuerza:+2; Constitución:+1,4,Manos Útiles,"Gracias a tus cuatro brazos, puedes embrazar un escudo mientras usas un arma a dos manos. También puedes empuñar simultáneamente un arma a dos manos y otra de una mano, demostrando tu extraordinaria destreza y fuerza.",Agarre Férreo,"Obtienes triple ventaja (3d20) en pruebas de Atletismo relacionadas con agarrar objetivos, objetos grandes o cualquier cosa que requiera una fuerza y coordinación superiores.",Protección,"Como reacción, puedes cruzar tus brazos para reducir en un 50% el daño entrante 1 vez por turno",,,,,,,,,,,,False,,,,,dol-hara.json,razas/dol-hara.png,0
Aasimar,Planos Superiores,"Los Aasimar son seres muy poco comunes. Son semi deidades enviadas por los dioses del cosmos para cumplir con su voluntad en la tierra. Estos usualmente esgrimen la justicia y la bondad como sus mayores armas, otorgando el perdón a quien lo pida y actuando con un gran sentido inquebrantable de la moral… Aunque siempre hay ovejas descarriadas.",,6,200-300,,INT:+1; Carisma:+2,1; 2; 3; 4; 5,Infusión Celestial,Eres resistente al daño Radiante o Necrótico (dependiendo de tu progenitor).,Toque Sanador,"Como acción, puedes curar a una criatura de una enfermedad, veneno o curarle una cantidad de puntos de vida igual a tu nivel x 5. Se recupera tras un descanso corto.",Obsequios divinos,"Puedes elegir entre unas alas, un arma especial o una montura. Todas pueden ser invocadas y desconvocadas a través de una Acción Adicional",,,,,,,,,,,,False,,,,,aasimar.json,razas/aasimar.png,0
Efteros,Plano Material (origen desconocido),"Los Éfteros son humanoides aviares que incluyen a una gran variedad de pájaros, desde majestuosos halcones hasta gallinas. Su naturaleza les otorga habilidades únicas relacionadas con su plumaje y su estilo de vida ágil y práctico.","+1 en Inteligencia, +1 en Destreza, +1 en Sabiduría.",6,60-100,,Destreza:+1; Inteligencia:+1; Sabiduría:+1,2; 3; 4,Morador del Cielo,Como Acción Adicional puedes desplegar tus alas para volar. Recibir un crítico o quedar paralizado a mitad de vuelo te derribará.,Plumaje,"Tienes resistencia al daño de frío y ventaja en tiradas de salvación para evitar quedar cubierto de sustancias como grasa, aceite o agua.",Picotazo,Puedes usar tu pico para realizar un ataque desarmado. Se considera daño perforante y su probabilidad de crítico baja a 19. (1d6 + Modificador de ataque).,,,,,,,,,,,,False,,,,,eftero.json,razas/eftero.png,0
Lamia,Plano Material,"Las Lamias son criaturas imponentes que combinan características humanas y serpentinas. Aunque a menudo se las considera monstruos, muchas Lamias intentan convivir con otras razas. Sus cuerpos están diseñados para el combate y la supervivencia, y aunque su apariencia puede intimidar, poseen una capacidad única para forjar lazos con quienes logran superar su temible exterior.",,5,100-150,,Fuerza:+2; Constitución:+1,3; 4,Deslizamiento,Tu cuerpo serpentino te permite moverte en diagonal sin que esto aumente el gasto en casillas de movimiento. Esta habilidad te otorga una gran ventaja en espacios estrechos y en maniobras tácticas.,Inmovilización,"Usando tu cuerpo, puedes rodear a un enemigo e inmovilizarlo. Mientras esté inmovilizado, no podrá atacar, pero tú sí puedes hacerlo. Cada turno, el enemigo puede intentar liberarse lanzando una tirada de salvación de Constitución (DC = 8 + Mod. Fuerza + Mod. Competencia). Si otro enemigo te golpea, deberás realizar una tirada de salvación de Constitución para mantener el agarre. Puedes usar esta habilidad tantas veces como tu Mod. Competencia por descanso corto.",Mimetismo Forzoso,"Puedes transformar tu cola en piernas humanas o volver a tu forma serpentina a voluntad, usando tu acción adicional. Esta habilidad te permite adaptarte a diferentes situaciones sociales y de combate.",Siempre de Pie,"Si eres derribado, no pierdes la mitad de tu movimiento al levantarte, gracias a tu fuerte musculatura y equilibrio natural.",,,,,,,,,,False,,"socialBehavior:Las Lamias tienden a ser reservadas y a evitar el contacto con otras razas debido a los prejuicios que enfrentan. Sin embargo, quienes logran ganarse su confianza descubren seres leales y protectores.; appearance:Tienen cuerpos serpentinos que varían en color y patrón, a menudo asociados con serpientes reales. Su parte superior humana es generalmente esbelta y atractiva, lo que contrasta con su imponente mitad inferior.; lifestyle:Prefieren vivir en lugares apartados como desiertos o bosques, donde pueden cazar y prosperar sin interferencias. Sin embargo, muchas Lamias se integran en comunidades si encuentran aceptación.",,,lamia.json,razas/lamia.png,0
Centauro,Ravnica (Plano Material),"Los centauros son usualmente tribales, alejados de las ciudades y residiendo en comunidades de su propia especie, aunque eso no impide verlos frecuentemente por el mundo. Su robusto cuerpo les permite una gran versatilidad: ávidos guerreros, sabios lógicos o… ambas cosas. Incluso buenos amantes si te gustan las emociones fuertes… y duras.",,7,100-150,,Destreza:+2; Sabiduría:+1,3; 4,Instintos Equinos,"Si un enemigo pasa por tus partes traseras, puedes realizar un golpe de oportunidad incluso si no se sale de tu rango de golpeo, sin usar tu reacción. (2d8 + Modificador de Fuerza).",Correr como el Viento,Tu velocidad de movimiento es mucho mayor en términos narrativos.,Puntería Certera,Obtienes competencia con Arcos y +3 en tiradas de Ataque con Arcos,Competencias,Eres competente en las habilidades de Medicina y Atletismo.,,,,,,,,,Silvano; Élfico,False,,,,"https://www.skullsplitterdice.com/blogs/dnd/centaur-5e#:~:text=Alignment%3A%20Centaurs%20are%20inclined%20toward,slightly%20larger%20than%20Lagonna%20centaurs.",centauro.json,razas/centauro.png,0
Drow,Infraoscuridad (Plano Material),"Provenientes del Underdark, los elfos oscuros son la definición de rudeza y suavidad fusionadas en una sola imagen. A diferencia de sus primos lejanos de la superficie, los Drow son más toscos, más directos en sus palabras y menos dispuestos a tener tantas formalidades. Sus habilidades destacan en el uso de la magia 'negra' o 'de mala reputación', y su buen manejo en la oscuridad es constante pues se crían en el oscuro Underdark.",,6,700-1000,,Fuerza:+1; Inteligencia:+2,3; 4,Visión en la Oscuridad,Puedes ver en la oscuridad total hasta 60 pies como si fuera luz tenue.,Magia feérica,A Nivel 1 obtienes el truco Luces Danzantes. A nivel 3 Obtienes el conjuro Fuego Feérico. A Nivel 5 Obtienes el conjuro Oscuridad. Puedes usar ambos conjuros 1 vez por Descanso Largo sin usar espacios de conjuro,Criatura de penumbra,Meditar en la oscuridad durante 4h seguidas otorga los mismos beneficios que un Descanso Largo y otorga +5 en tiradas de Percepción y Perspicacia durante 6H,,,,,,,,,,,,False,,,,,drow.json,razas/drow.png,0
Foxfolks,Feywild,"Estas curiosas criaturas provenientes del Feywild cuentan con una astucia y pillería innatas. Su naturaleza suele ser caótica, buscan aventuras y no suelen tener problemas en entablar amistades con otras razas. Sin embargo, son conflictivos a la hora de reconocer figuras de autoridad como reyes, líderes de cultos o dioses, pues para ellos su único monarca es el Rey del Feywild. Este Foxfolk, tan antiguo como la misma raza, controla y manifiesta las estaciones en todos los planos de la existencia. Por esta razón, lo veneran como un dios y, una vez al año, todos los Foxfolks van a rendirle tributo o entregarle regalos. Solo un Foxfolk sabe cómo llegar a su región del Feywild, y por naturaleza cuentan como feéricos.",,6,80-120,,Destreza:+2; Carisma:+1,2; 3,Semejanzas al Monarca,Obtienes competencia en las habilidades Perspicacia y Juego de Manos.,Maestro de Mentirosos,"Tus engaños tienen ventaja siempre que no te hayan pillado mintiendo anteriormente o si no ha oído rumores sobre ti. Esto aplica a tiradas de Intimidación, Interpretación, Persuasión y Engaño",Encanto Feérico,"Puedes emplear Hechizar persona como acción sin necesidad de un espacio de conjuro 1 vez por Descanso Corto. Si posees 4 o más de Carisma, puedes usarlo como conjuro de nivel 4",,,,,,,,,,,,False,,,,,foxfolk.json,razas/foxfolk.png,0
Grung,Plano Material (junglas/pantanos),"Los Grungs proceden de los pantanos, se alimentan de insectos y viven grandes aventuras explorando los vastos terrenos del mundo conocido. La valentía brilla en sus corazones con más intensidad según lo bajitos que sean. No hay ser más valiente y con más coraje que un Grung diminuto.","+2 en Destreza, +1 en Sabiduría.",8,30-50,,Destreza:+2; Sabiduría:+1,2; 3,Lengüetazo,"Puedes tomar objetos con tu lengua a una distancia de 4 casillas (6m). Esto también puede servirte para impulsarte a ti hacia un sitio en específico, aunque si llevas armadura Media o Pesada requerirás de realizar una Prueba de Atletismo",Nube Tóxica,"Como acción, generas una nube apestosa a 2 casillas alrededor de ti que te seguirá. Si un enemigo empieza su turno dentro de tu nube, deberá superar una tirada de Constitución. Si la falla, perderá su turno por vomitar y tambalearse.",Delicia,"Si hay insectos en la zona donde descanses, recuperarás 1d10 de vida adicional y te sacias.",,,,,,,,,,,,False,,,,,grung.json,razas/grung.png,0
Harengon,Feywild,"Los Harengon son una raza que no se especializa en el combate directo. Son excelentes arqueros, ágiles y resistentes, aunque carecen de habilidades para destacar en el arte marcial o la fuerza bruta. Su agilidad y destreza los convierten en aliados valiosos en situaciones estratégicas.",,7,70-100,,Destreza:+3,2; 3; 4,Sentidos Agudizados,"Obtienes competencia en Percepción, enfocada en estímulos acústicosAdemás, los ataques sorpresa no toman ventaja contra ti.",Suerte Feérica,"Posees 3 puntos de Suerte que se recuperan con descansos largos. Puedes gastar un punto para repetir una tirada hecha por ti o dirigida hacia ti (ataque, salvación, característica, etc.). Solo puede usarse una vez por tirada.",Salto Aumentado,"Puedes saltar más alto y/o más lejos de lo normal, aumentando significativamente tu capacidad de movimiento vertical y horizontal.",,,,,,,,,,,,False,,,,,harengon.json,razas/harengon.png,0
Insectoides,Plano Material,"Los Insectoides son una raza versátil y adaptativa, originada en regiones inhóspitas donde su capacidad para sobrevivir supera con creces a muchas otras especies. Sus cuerpos están cubiertos por resistentes caparazones que actúan como una armadura natural, y poseen una eficiencia metabólica que les permite prosperar con recursos limitados. Aunque sus sociedades tienden a ser comunales, su sentido de individualidad no se pierde, mostrando una mezcla única de colaboración y autoconservación. Vistos como pragmáticos y resilientes, los Insectoides han aprendido a prosperar donde otros perecen.","+2 en Sabiduría, +1 en Constitución.",6,,,Constitución:+1; Sabiduría:+2,1; 2; 3; 4,Coraza,Tu armadura natural es lo suficientemente dura como para que te proteja de ciertos ataques. Tu CA es 13 + Destreza.,Alimento escaso,"Solo consumes la mitad de la comida que una persona normal necesita al día (0,5 raciones). Además, la calidad de la comida no te afecta, ya sea basura o un plato gourmet.",Multitud,Tienes +4 en Salvadas contra ser Asustado si estás acompañado de al menos 3 individuos.,,,,,,,,,,,,False,,,,,insectoide.json,razas/insectoide.png,0
Goliats,Plano Material,"Los Goliats son imponentes gigantes que habitan en las montañas más altas y en regiones inhóspitas. Su piel gruesa y áspera, a menudo comparada con la piedra, les otorga una resistencia física impresionante. Esta raza es conocida por su tenacidad y su espíritu competitivo, viéndose a sí mismos como pruebas vivientes de la fuerza y la perseverancia. Con una longevidad que puede extenderse por siglos, los Goliats suelen convertirse en guardianes de sus comunidades o en aventureros que buscan desafíos dignos de su poder.",,6,,,Constitución:+3,3; 4,Gran tamaño,"Eres considerado 'Grande' contra los enemigos. Esto implica que no se te puede empujar, levantar ni mover por medio de la fuerza.",Piel pétrea,"Como reacción, puedes reducir el daño recibido por un ataque físico en 1d12 + Mod. Const. Puedes usar este rasgo tantas veces como tu Mod. de Constitución",Dureza en la sangre,No sufres penalizaciones por altas presiones atmosféricas ni por el frio extremo natural,,,,,,,,,,,,False,,,,,goliat.json,razas/goliat.png,0
Locathah,Plano Material (mares),"Los Locathah son seres marinos que tardaron mucho en relacionarse con las demás especies debido a la diferencia de clima. Aunque suelen ser algo extraños por esta falta de costumbre, sus excepcionales habilidades en combate seguro que los convierten en valiosos compañeros.",,6,70-120,,Fuerza:+2; Destreza:+1,2; 3; 4,En Terreno Conocido,Moverse en terreno difícil acuoso te otorga 2 casillas adicionales de movimiento y puedes respirar indefinidamente bajo el agua,Como en Casa,"Si realizas un descanso corto en el agua, te curas el doble de puntos de vida.",Zambullirse,Puedes teletransportarte entre charcos cercanos a voluntad usando tu acción adicional. También puedes arrastrar objetivos a través de los charcos.,,,,,,,,,,,,False,,,,,locahtah.json,razas/locahtah.png,0
Loxodon,Ravnica (Plano Material),"Los Loxodon, a pesar de ser grandes y fuertes, se han enfocado en el conocimiento y el estudio de las ciencias. Sin embargo, su fuerza y su pasado como guerreros les permiten partir a sus enemigos en dos si es necesario. Son conocidos por su paciencia y empatía, aunque también por su comportamiento errático y poco predecible.",,6,120-200,,Constitución:+2; Sabiduría:+1,3; 4; 5,Piel Dura,Tu CA sin armadura es 17 + Modificador de Constitución. Puedes usar esta CA sin armadura incluso si llevas puesta una armadura que te proporcione una menor CA.,Tamaño Considerable,"Eres considerado Grande para efectos de tu capacidad de carga y cuando determines si puedes empujar, arrastrar o cargar algo. También se considera que ocupas un espacio mayor a efectos de combate.",Furia Primal,"Obtienes una carga de Furia Primitiva. Al consumirla, puedes intercambiar temporalmente tu característica más alta por Fuerza (por ejemplo, si tienes 20 de Inteligencia, pasas a tener 20 de Fuerza). Tu trompa se endurece y cuenta como un arma contundente (2d6 + Modificador de Fuerza).",Segundo Ataque con Furia,"A nivel 5, mientras dure tu Furia Primal, puedes realizar un segundo ataque en tu turno. La Furia dura 5 turnos (medio minuto).",,,,,,,,,,False,,,,,loxodon.json,razas/loxodon.png,0
Micónido,Infraoscuridad (Plano Material),"Los Micónidos son habitantes del subsuelo y los bosques oscuros, seres fúngicos que parecen caminar directamente desde el corazón de la tierra. Cada Micónido forma parte de una colmena unida psíquicamente, compartiendo pensamientos, emociones y recuerdos a través de esporas místicas. Aunque carecen de boca para hablar, su comunicación telepática es sorprendentemente compleja, permitiéndoles interactuar tanto con aliados como con enemigos. Su apariencia varía desde hongos brillantes y coloridos hasta formas más sombrías y cubiertas de musgo, reflejo de los ecosistemas donde nacieron. Eternos mientras su colmena persista, los Micónidos son testigos silenciosos de la naturaleza en su estado más puro.",,5,,,Inteligencia:+1; Sabiduría:+2,1; 2; 3; 4,Pensamiento Múltiple,"El control mental no puede dominarte por completo; solo te desconecta temporalmente de la Colmena Central. Mientras estés desconectado, sufres un -2 en Sabiduría hasta que realices un descanso corto. Para reconectarte, necesitas una hora de meditación ininterrumpida.",Alimento Fúngico,"No necesitas comer mientras descanses en una tierra húmeda, ya que puedes absorber nutrientes directamente del entorno.",Esporas Cortex,"Puedes infectar a criaturas aliadas o enemigas con tus esporas a través de las vías respiratorias. Esto crea un enlace telepático que te permite comunicarte con ellas. Si no las infectas nuevamente en 24 horas, el enlace se pierde.",,,,,,,,,,,,False,,,,,miconido.json,razas/miconido.png,0
Muroideos,Golarion (Plano Material),"Humanoides pequeños, parecidos a roedores, originarios de cavernas y zonas desérticas/subterráneas; ahora suelen vivir en caravanas nómadas o barrios urbanos, expertos en comercio, acumuladores y manipuladores.",,8c,60-80,,Fuerza:-2; Destreza:+2; Inteligencia:+2,2,Agilidad natural,+1 a la CA. Pueden moverse a través de espacios ocupados por una o varias criaturas usando la reacción de esa ronda.,Furia acorralada,"Con la mitad o menos de los PG y sin aliados conscientes a 4C, obtiene +2 a ataques cuerpo a cuerpo y a la CA.",Remendón,Bonificador racial +2 en Artesanía (alquimia) y Usar objeto mágico.,Esconderse,Bonificador racial +2 en Sigilo. ,Olfato,"Obtiene la competencia en Olfato y Oído, pero penalizador -3 en Percepción basada en vista.",,,,,,,infracomún,True,Humanos:Buena relación; suelen compartir zonas urbanas; Enanos:Fricción; se sienten criticados y territoriales; Elfos:Compatibles; atraídos por su cultura y arte,,,https://pathfinder-es.fandom.com/es/wiki/R%C3%A1tido_(raza_jugable),muroideo.json,razas/muroideo.png,0
Owlers,Arcavios (Plano Material),"Los Owlfolk son una raza sabia y ágil, conocidos por su gran percepción y habilidades naturales que reflejan sus características aviares. Sus cabezas giratorias les otorgan ventajas únicas en diversas situaciones.",,6,70-120,,Destreza:+1; Sabiduría:+2,2; 3; 4,Giro Completo,"Puedes rotar tu cabeza 359º, lo que te otorga Competencia en Percepción, o Experto si ya eres Competente en esta habilidad.",Caída de Pluma,"El daño por caída se reduce en un 50% y caes más lentamente, minimizando el impacto.",Visión en la Oscuridad,"Puedes ver en la oscuridad a una distancia considerable, lo que te permite moverte y actuar eficazmente en condiciones de poca luz.",,,,,,,,,,,,False,,,,,owlfolk.json,razas/owlfolk.png,0
Ursoi,Plano Material,"Los Ursoi viven en los bosques llevando una vida tranquila centrada en comer, descansar y ocasionalmente procrear. Sin embargo, si se les da motivos para tomar un arma, no dudarán en lanzarse al campo de batalla. Se dice que cuanto más tiempo peleas contra un Ursoi, más parece resistir los golpes.","+4 en Fuerza, -2 en pruebas de Destreza.",5,80-120,,Fuerza:+4; Destreza:-2; Sabiduria:+1,3; 4,Resistencia a la Adversidad,Cada golpe que des genera puntos de golpe temporales equivalentes a tu Modificador de Fuerza. Estos puntos se acumulan y se mantienen hasta el inicio de tu siguiente turno,Rugido,"Emites un rugido en un área de 5 casillas alrededor. Elige uno de los efectos:
- +2 de CA para todos los aliados dentro del área y para ti (hasta el inicio de tu próximo turno).
- Asustas a los enemigos dentro del área (Salvación de Carisma: DC = 8 + Mod. Fuerza + Mod. Competencia).
- +1d4 en tiradas de ataque para todos tus aliados (hasta el inicio de tu próximo turno).
- +2 casillas de movimiento base para todos tus aliados (dura 2 turnos).
Puedes usar este rasgo tantas veces como tu Modificador de Fuerza.",,,,,,,,,,,,,,False,,,,,ursoi.json,razas/ursoi.png,0
Tabaxis,Plano Material (Maztica/Chult),"Los Tabaxis son muy comunes tanto en ciudades como en campo abierto. Son seres versátiles, algo caprichosos, pero astutos como ellos solos. Cuidado con sus garras.",,7,70-90,,Destreza:+2; Inteligencia:+1,2; 3; 4,Escalada,Tu agilidad gatuna te permite llegar a lugares normalmente inaccesibles por altura.,Ojos de Gato,Tienes visión en la oscuridad hasta 60 pies como si fuera luz tenue.,Garras,"Tus garras pueden usarse como un arma cuerpo a cuerpo. Hacen 1d6 de daño cortante y usan Destreza para atacar. Además, pueden usarse como ganzúas, pero con mayor dificultad y riesgo de romperse.",Competencia Felina,"Obtienes competencia en la habilidad Percepción, específicamente usando el sentido del olfato.",,,,,,,,,,False,,,,,tabaxi.json,razas/tabaxi.png,0
Throthogas,Plano Material (origen desconocido),"Los Throthogas son una raza longeva, con algunos ejemplares alcanzando los 300 años sin problemas. Tienen una característica única: crecen muy ligeramente con cada año que pasa. Sus fuertes armaduras naturales y su gran fuerza física los hacen adversarios temibles si se les enfada, pero suelen ser poco agresivos si no se les provoca.","+2 en Constitución, +1 en Fuerza.",5,200-300,,Fuerza:+1; Constitución:+2,3; 4,Caparazón Blindado,"Siempre que no lleves armadura, cuando un enemigo impacte con un ataque sobre ti, este se tambaleará y tendrá desventaja en su próximo ataque. Solo 1 vez por enemigo cada ronda. Además, tu armadura base aumenta a 15 pero solo puede beneficiarse de un máximo de Destreza de +2 (15 + 2 = 17)",Intuición Natural,"Obtienes competencia en una de las siguientes habilidades a elección: Naturaleza, Supervivencia, Medicina o Trato con Animales.",Escondite amurallado,"Al meterte dentro de tu caparazón te haces resistente al daño Perforante y Cortante. No puedes emplear reacciones estando dentro de tu Caparazón, tu visión se reduce muchísimo y requieres de una acción adicional para salir de tu Caparazón",,,,,,,,,,,,False,,,,,throthoga.json,razas/throthoga.png,0
Vanaras,"Vudra (Golarion, Plano Material)","Los Vanaras son una raza ágil y astuta, conocidos por su facilidad para moverse a través de los entornos más complicados con agilidad prodigiosa. Descendientes y aprendices del legendario Wukong, el Rey Mono, combinan destreza física con habilidades únicas que reflejan su herencia marcial y espiritual.",,7,40-80,,Fuerza:+2; Sabiduría:+1,2; 3,Agilidad Prodigiosa,"Tienes competencia en Acrobacias gracias a la gran genética de tu especie, que te permite trepar y balancearte con facilidad. Además, una vez por descanso largo, puedes emplear tu reacción para esquivar automáticamente una Salvada de Destreza. Debes usar esta habilidad antes de lanzar el dado.",Toque Paralizante,"Aprendido de los descendientes y alumnos de Wukong, el Rey Mono. Una vez por descanso corto, puedes usar 'Inmovilizar Persona' como acción adicional. Esta inmovilización dura hasta 10 turnos o hasta que el objetivo realice con éxito una Salvada de Sabiduría.",,,,,,,,,,,,,,False,,,,,vanara.json,razas/vanara.png,0
Lizerin,Plano Material,"Algunos sabios creen que los Lizardfolk son parientes lejanos de los dragonborn y kobolds, pero han habitado el Plano Material desde su creación como una raza única. Dotados de defensas físicas notables y una conexión mística con la naturaleza, los hombres lagarto prosperan en condiciones que serían mortales para otros, lo que alimenta mitos sobre su propósito divino como guardianes de las maravillas naturales.","+2 en Constitución, +1 en Fuerza.",7,,,Sabiduria:+1; Constitución:+2,2; 3; 4,Instinto Primitivo,"Puedes crear armas o herramientas simples usando materiales básicos como huesos, piedras o ramas. Esta habilidad refleja tu capacidad innata para adaptarte a cualquier entorno.",Sangre Venenosa,"Tu sangre está impregnada de toxinas naturales. Eres inmune al daño de veneno y, si recibes este tipo de daño, te curas un 50% de lo recibido.",Instinto Salvaje,"Eres competente en Percepción para detectar peligros ocultos. Si ya eres competente, tienes ventaja al buscar amenazas.",,,,,,,,,,,,False,,,,,lizerin.json,razas/lizerin.png,0
Wolven,Plano Material,"Los Wolven son una raza humanoide con rasgos lupinos, conocidos por su instinto de manada y sus habilidades sociales innatas. Poseen un agudo sentido del olfato que los hace expertos rastreadores y detectores de peligros. Su cultura se basa en la estructura de la manada, donde el liderazgo es una posición respetada y vinculada emocionalmente. Aunque físicamente imponentes, los Wolven son también criaturas reflexivas, capaces de mostrar una lealtad inquebrantable hacia quienes consideran parte de su familia. En combate, destacan por su capacidad de trabajar en equipo y aprovechar su conexión con la manada para obtener ventajas tácticas.",,7,60-80,,Destreza:+1; Constitución:+2,2; 3; 4,Olfato de Leyenda,"El agudo sentido del olfato de los Wolven les otorga ventaja en pruebas de Perspicacia y Percepción relacionadas con olores. Pueden detectar rastros de miedo, identificar presencias cercanas o descubrir detalles ocultos en el ambiente a través de su nariz.",Camada,"Los Wolven forman fuertes lazos con su manada. Puedes designar a un aliado como Líder de la Manada o tomar tú mismo ese rol. Como acción adicional, el Líder puede ordenar a un aliado dentro de un rango de 10 casillas que realice una de las siguientes acciones: Esconderse, Atacar, Destrabarse o Moverse la mitad de su velocidad. La orden consume la reacción del aliado, excepto si es un Wolven (En este caso no consumirá ningún recurso). Esta habilidad solo puede usarse si existe respeto mutuo dentro de la manada; si el Líder pierde su autoridad o la confianza de los miembros, esta habilidad no estará disponible.",,,,,,,,,,,,,,False,,"familyStructure:La sociedad Wolven gira en torno a la manada, una estructura social donde el respeto y la confianza mutua son fundamentales. El liderazgo se obtiene a través de actos de valentía y capacidad estratégica, y los vínculos entre los miembros son tan fuertes que traicionar a la manada es visto como la mayor ofensa.; appearance:Los Wolven tienen rasgos físicos que recuerdan a los lobos: orejas puntiagudas, ojos penetrantes, pelajes de variados colores y colas robustas. Su tamaño puede variar desde pequeños y ágiles hasta grandes y poderosos, adaptándose a diferentes roles dentro de la manada.; behavior:Enfrentan los desafíos con una mezcla de instinto y estrategia. Aunque valoran la libertad, sienten una necesidad intrínseca de formar vínculos estrechos con otros, ya sea con su propia especie o con aliados confiables de otras razas.",,,wolven.json,razas/wolven.png,0
Minotauro,Ravnica (Plano Material),"Los Minotauros son criaturas imponentes, mitad hombre y mitad toro, conocidos por su fuerza bruta y resistencia inquebrantable. Con enormes cuernos que simbolizan su ferocidad en combate, caminan con la autoridad de quienes han dominado tanto la naturaleza como su propio instinto salvaje. Aunque muchos los consideran bestias, los Minotauros poseen una rica tradición de historias y rituales, transmitidas por generaciones, que celebran su conexión con los laberintos de la vida y la lucha constante por superar cualquier obstáculo.",,6,,,Fuerza:+1; Constitución:+2,3; 4,Embestida,"Como acción, puedes activar 'Embestida'. Cargas con una furia sobrenatural hacia un objetivo, avanzando hasta detenerte en un obstáculo suficientemente resistente. Los enemigos en tu camino (3 casillas de amplitud) deben realizar una salvada de Acrobacias (Destreza). Si fallan, son arrastrados hasta el final de la carga y reciben 1d8 de daño por cada objeto endeble atravesado + 1d8 por tu Modificador de Fuerza. Puedes usar esta habilidad (1 + Mod. Fuerza) por Descanso largo.",Furia de las Bestias,Tienes ventaja para evitar quedar atrapado en redes u otras restricciones similares. Puedes usar una salvada de Fuerza para liberarte con facilidad.,,,,,,,,,,,,,,False,,,,,minotauro.json,razas/minotauro.png,0
Yuan-Ti,Plano Material (junglas),"Los Yuan-Ti son los primos humanoides de las Lamias, conservando sus instintos reptilianos y la capacidad de causar gran daño con su veneno. Se enfocan en el estudio, la meditación, la medicina y el combate disciplinado. Valoran profundamente sus crestas, que consideran un símbolo de belleza, tradición y estatus. Son devotos de la religión, la tradición y el estudio filosófico, disfrutando especialmente de conversaciones intelectuales.",,6,80-120,,Fuerza:+2; Inteligencia:+1,2; 3,Intimidación Animal,"Todo ser vivo no inteligente (5 de Inteligencia o menos) puede ser intimidado y no te atacará, siempre que no sea más grande que tú. Si la tirada de Intimidación es superior a 15, huirá aunque eso implique recibir un golpe de oportunidad.",Inmunidad a Venenos,Eres completamente inmune al daño por veneno y a las condiciones relacionadas con venenos.,Mordisco de Acero,"Puedes imbuir tus armas y las de tus compañeros con tu veneno usando tu acción adicional o reacción. El daño extra depende de tu nivel:
- Nivel 1-5: 1d4
- Nivel 6-11: 1d6
- Nivel 12-17: 1d8
- Nivel 18-20: 1d10",,,,,,,,,,,,False,,,"Purasangre: Los Yuan-Ti con cresta, considerados más bellos y respetados dentro de su cultura.; Sangre Sucia: Los Yuan-Ti sin cresta, a menudo considerados de menor estatus pero igualmente capaces y disciplinados.",,yuan-ti.json,razas/yuan-ti.png,0
Kenkus,Plano Material,"Los Kenkus aprovechan su astucia e inteligencia para salir de las situaciones más enrevesadas que se les presenten. Dales tiempo y algunos recursos, y ten claro que un Kenku siempre irá un paso por delante de ti. Sin embargo, su tentación por tomar algo brillante puede jugarles en contra. Todo ave parlanchina es considerada un Kenku.",,7,60-100,,Sabiduría:+1; Carisma:+2,2; 3,Mimetismo,"Puedes imitar cualquier voz con tan solo escucharla. Además, puedes copiar una caligrafía de manera exacta e indistinguible.",Grandes Interpretadores,Eres competente en la habilidad Interpretación siempre y cuando el enfoque sea en imitar una voz.,,,,,,,,,,,,,,False,,,,,kenku.json,razas/kenku.png,0
